 a Vapor,https://www.oilpaintings.com/juan-martinez-abades-paintings-barco-a-vapor
Juan Martinez Abades,Acantilado,https://www.oilpaintings.com/juan-martinez-abades-paintings-acantilado
Juan Martinez Abades,Carboneros,https://www.oilpaintings.com/juan-martinez-abades-paintings-carboneros
Juan Martinez Abades,Cauce de Rio,https://www.oilpaintings.com/juan-martinez-abades-paintings-cauce-de-rio
Juan Martinez Abades,Naufragio,https://www.oilpaintings.com/juan-martinez-abades-paintings-naufragio
Juan Martinez Abades,Puerto de Santander,https://www.oilpaintings.com/juan-martinez-abades-paintings-puerto-de-santander
Juan Martinez Abades,Pescadora,https://www.oilpaintings.com/juan-martinez-abades-paintings-pescadora
Masseot Abaquesne,Ceramic Floor,https://www.oilpaintings.com/massacot-abaquesne-paintings-ceramic-floor
Masseot Abaquesne,The Flood,https://www.oilpaintings.com/massacot-abaquesne-paintings-the-flood
Niccolo dell Abbate,Orpheus and Eurydice,https://www.oilpaintings.com/niccola-dell-abbate-paintings-orpheus-and-eurydice
Niccolo dell Abbate,Deer Hunt,https://www.oilpaintings.com/niccola-dell-abbate-paintings-deer-hunt
Niccolo dell Abbate,Stag Hunt,https://www.oilpaintings.com/niccola-dell-abbate-paintings-stag-hunt
Niccolo dell Abbate,The Continence of Scipio,https://www.oilpaintings.com/niccola-dell-abbate-paintings-the-continence-of-scipio
Niccolo dell Abbate,The Rape of Proserpine,https://www.oilpaintings.com/niccola-dell-abbate-paintings-the-rape-of-proserpine
Louise Abbema,A Game of Croquet,https://www.oilpaintings.com/louise-abbema-paintings-a-game-of-croquet
Louise Abbema,Allegory of Spring,https://www.oilpaintings.com/louise-abbema-paintings-allegory-of-spring
Louise Abbema,An Afternoon Song,https://www.oilpaintings.com/louise-abbema-paintings-an-afternoon-song
Louise Abbema,At the Piano,https://www.oilpaintings.com/louise-abbema-paintings-at-the-piano
Louise Abbema,Where Angels Play,https://www.oilpaintings.com/louise-abbema-paintings-wfÞçþ****here-angels-play
Louise Abbema,"April Morning, Place de la Concorde, Paris",https://www.oilpaintings.com/louise-abbema-paintings-april-morning-place-de-la-concorde-paris
Louise Abbema,Lady with Flowers,https://www.oilpaintings.com/louise-abbema-paintings-lady-with-flowers
Edwin Austin Abbey,A Lute Player,https://www.oilpaintings.com/edwin-austin-abbey-paintings-a-lute-player
Edwin Austin Abbey,"The Penance of Eleanor, Duchess of Glouster",https://www.oilpaintings.com/edwin-austin-abbey-paintings-the-penance-of-eleanor-duchess-of-glouster
Edwin Austin Abbey,Young Woman in the Woods,https://www.oilpaintings.com/edwin-austin-abbey-paintings-young-woman-in-the-woods
Edwin Austin Abbey,Hamlet Play Scene,https://www.oilpaintings.com/edwin-austin-abbey-paintings-hamlet-play-scene
Edwin Austin Abbey,Near Easthampson,https://www.oilpaintings.com/edwin-austin-abbey-paintings-near-easthampson
Edwin Austin Abbey,The Queen in Hamlet,https://www.oilpaintings.com/edwin-austin-abbey-paintings-the-queen-in-hamlet
Edwin Austin Abbey,Potpourri,https://www.oilpaintings.com/edwin-austin-abbey-paintings-potpourri
Edwin Austin Abbey,Harvest Home,https://www.oilpaintings.com/edwin-austin-abbey-paintings-harvest-home
Edwin Austin Abbey,Seated Woman Wearing Elizabethan Headdress,https://www.oilpaintings.com/edwin-austin-abbey-paintings-seated-woman-wearing-elizabethan-headdress
Lemuel Francis Abbott,"Rear-Admiral Sir Horatio Nelson, 1758-1805",https://www.oilpaintings.com/lemuel-francis-abbott-paintings-rear
5227
-admiral-sir-horatio-nelson-1758-1805
Lemuel Francis Abbott,"Admiral Alexander Hood, 1727-1814, 1st Viscount Bridport",https://www.oilpaintings.com/lemuel-francis-abbott-paintings-admiral-alexander-hood-1727-1814-1st-viscount-bridport
Lemuel Francis Abbott,"Admiral Robert Roddam, 1719-1808",https://www.oilpaintings.com/lemuel-francis-abbott-paintings-admiral-robert-roddam-1719-1808
Lemuel Francis Abbott,Captain Robert Calder,https://www.oilpaintings.com/lemuel-francfÞçþ****is-abbott-paintings-captain-robert-calder
Lemuel Francis Abbott,"Admiral Alexander Hood, 1727-1814, 1st Viscount Bridport Sketch",https://www.oilpaintings.com/lemuel-francis-abbott-paintings-admiral-alexander-hood-1727-1814-1st-viscount-bridport-sketch
Lemuel Francis Abbott,"Captain John Cooke, 1763-1805",https://www.oilpaintings.com/lemuel-francis-abbott-paintings-captain-john-cooke-1763-1805
Lemuel Francis Abbott,Captain William Locker,https://www.oilpaintings.com/lemuel-francis-abbott-paintings-captain-william-locker
Lemuel Francis Abbott,Henry Laurens,https://www.oilpaintings.com/lemuel-francis-abbott-paintings-henry-laurens
Lemuel Francis Abbott,"Sir Peter Parker Bt, 1721-1811, Admiral of the Fleet",https://www.oilpaintings.com/lemuel-francis-abbott-paintings-sir-peter-parker-bt-1721-1811-admiral-of-the-fleet
Lemuel Francis Abbott,"Rear-Admiral Sir Robert Calder, 1745-1815",https://www.oilpaintings.com/lemuel-francis-abbott-paintings-rear-admiral-sir-robert-calder-1745-1815
Lemuel Francis Abbott,"Rear-Admiral Sir Thomas Pasley, 1734-1808",https://www.oilpaintings.com/lemuel-francis-abbott-paintings-rear-admiral-sir-thomas-pasley-1734-1808
Lemuel Francis Abbott,"Vice-Admiral Sir Andrew Mitchell, 1757-1806",https://www.oilpaintings.com/lemuel-francis-abbott-paintings-vice-admiral-sir-andrew-mitchell-1757-1806
Lemuel Francis Abbott,Portrait Of John Wilkinson 1728-1808; The Staffordshire Iron Master,https://www.oilpaintings.com/lemuel-francis-abbott-paintings-portrait-of-john-wilkinson-1728-1808-the-staffordshire-iron-master
Louis Abel-Truchet,Gaumont Palace,https://www.oilpaintings.com/louise-abel-truchet-paintings-gaumont-palace
Louis Abel-Truchet,The Cafe-Concert,https://www.oilpaintings.com/louise-abel-truchet-paintings-the-cafe-concert
Louis Abel-Truchet,"La Festa Del Redentore, Venice",https://www.oilpaintings.com/louise-abel-truchet-paintings-la-festa-del-redentore-venice
Louis Abel-Truchet,"La Fte Forain, Place Pigalle",https://www.oilpaintingsfÞçþ****.com/louise-abel-truchet-paintings-la-fte-forain-place-pigalle
Jacobus Theodorus Abels,Travellers Before a Forest Lodge,https://www.oilpaintings.com/jacobus-theodorus-abels-paintings-travellers-before-a-forest-lodge
Nicolai Abildgaard,Adam and Eve,https://www.oilpaintings.com/nicolai-abildgaard-paintings-adam-and-eve
Nicolai Abildgaard,Culmin's Ghost Appears to his Mother,https://www.oilpaintings.com/nicolai-abildgaard-paintings-culmins-ghost-appears-to-his-mother
Lucien Abrams,Breakfast in Provence,https://www.oilpaintings.com/lucien-abrams-paintings-breakfast-in-provence
Lucien Abrams,"Mission de la Concepcion, San Antonio, Texas",https://www.oilpaintings.com/lucien-abrams-paintings-mission-de-la-concepcion-san-antonio-texas
Lucien Abrams,French Village,https://www.oilpaintings.com/lucien-abrams-paintings-french-village
Lucien Abrams,Irises,https://www.oilpaintings.com/lucien-abrams-paintings-irises
Lucien Abrams,Still Life with Bananas,https://www.oilpaintings.com/lucien-abrams-paintings-still-life-with-bananas
Lucien Abrams,City Waterfront,https://www.oilpaintings.com/lucien-abrams-paintings-city-waterfront
Lucien Abrams,Trees in Autumn,https://www.oilpaintings.com/lucien-abrams-paintings-trees-in-autumn
Lucien Abrams,Fruit and Feather Flowers,https://www.oilpaintings.com/lucien-abrams-paintings-fruit-and-feather-flowers
Lucien Abrams,"Landscape with Trees, Pond and White House",https://www.oilpaintings.com/lucien-abrams-paintings-landscape-with-trees-pond-and-white-house
Lucien Abrams,Young Woman Reading in Bed,https://www.oilpaintings.com/lucien-abrams-paintings-young-woman-reading-in-bed
Lucien Abrams,French Landscape with Olive Trees,https://www.oilpaintings.com/lucien-abrams-paintings-french-landscape-with-olive-trees
Lucien Abrams,Garden on the Ledge,https://www.oilpaintings.com/lucien-abrams-paintings-garden-on-the-ledge
Lucien Abrams,Mrs. Abrams in Paris,https://www.oilpaintings.com/lucien-abrams-paintings-mrs-abrams-in-paris
Lucien AbrafÞçþ****ms,In Parc Borely,https://www.oilpaintings.com/lucien-abrams-paintings-in-parc-borely
Lucien Abrams,Stucco Street Corner,https://www.oilpaintings.com/lucien-abrams-paintings-stucco-street-corner
Lucien Abrams,"In Forest, Oak Cliff",https://www.oilpaintings.com/lucien-abrams-paintings-in-forest-oak-cliff
Salvador Abril y Blasco,Barca Varada,https://www.oilpaintings.com/salvador-abril-y-blasco-paintings-barca-varada
Salvador Abril y Blasco,Das Schiff Capeando In Schwerer See,https://www.oilpaintings.com/salvador-abril-y-blasco-paintings-das-schiff-capeando-in-schwerer-see
Salvador Abril y Blasco,Puerto,https://www.oilpaintings.com/salvador-abril-y-blasco-paintings-puerto
John Absolon,The Haymakers,https://www.oilpaintings.com/john-absolon-paintings-the-haymakers
John Absolon,"The Transept from the South Gallery, The Great Exhibition of 1851",https://www.oilpaintings.com/john-absolon-paintings-the-transept-from-the-south-gallery-the-great-exhibition-of-1851
John Absolon,Distant Thoughts,https://www.oilpaintings.com/john-absolon-paintings-distant-thoughts
John Absolon,The Emigrant Ship,https://www.oilpaintings.com/john-absolon-paintings-the-emigrant-ship
John Absolon,Reprimanded,https://www.oilpaintings.com/john-absolon-paintings-reprimanded
John Absolon,View of the Greek Slave by Hiram Power,https://www.oilpaintings.com/john-absolon-paintings-view-of-the-greek-slave-by-hiram-power
John Absolon,Part Of The French Court,https://www.oilpaintings.com/john-absolon-paintings-part-of-the-french-court
John Absolon,"Piscatori Island, Lake Maggiore",https://www.oilpaintings.com/john-absolon-paintings-piscatori-island-lake-maggiore
John Absolon,The Reading Lesson,https://www.oilpaintings.com/john-absolon-paintings-the-reading-lesson
Georg Nicolaj Achen,Interior,https://www.oilpaintings.com/georg-nicolaj-achen-paintings-interior
Andreas Achenbach,A Busy Town on the Levantine Coast,https://www.oilpaintings.com/andreas-achenbach-paintings-a-busy-town-on-the-levantinefÞçþ****-coast
Andreas Achenbach,A Fishingboat On The Beach,https://www.oilpaintings.com/andreas-achenbach-paintings-a-fishingboat-on-the-beach
Andreas Achenbach,A Church Interior,https://www.oilpaintings.com/andreas-achenbach-paintings-a-church-interior
Andreas Achenbach,A Moored Steamer at a Busy Quay,https://www.oilpaintings.com/andreas-achenbach-paintings-a-moored-steamer-at-a-busy-quay
Andreas Achenbach,A Fishing Boat and a Steamer in Rough Seas,https://www.oilpaintings.com/andreas-achenbach-paintings-a-fishing-boat-and-a-steamer-in-rough-seas
Andreas Achenbach,A Fishing Boat Caught In A Squall Off A Jetty,https://www.oilpaintings.com/andreas-achenbach-paintings-a-fishing-boat-caught-in-a-squall-off-a-jetty
Andreas Achenbach,A Hunter and His Dog,https://www.oilpaintings.com/andreas-achenbach-paintings-a-hunter-and-his-dog
Andreas Achenbach,A Tempest off the Norwegian Coast,https://www.oilpaintings.com/andreas-achenbach-paintings-a-tempest-off-the-norwegian-coast
Andreas Achenbach,"Clearing Up, Coast of Sicily",https://www.oilpaintings.com/andreas-achenbach-paintings-clearing-up-coast-of-sicily
Andreas Achenbach,Don Quixote and Sancho Panza,https://www.oilpaintings.com/andreas-achenbach-paintings-don-quixote-and-sancho-panza
Andreas Achenbach,At Sea in Rough Waters,https://www.oilpaintings.com/andreas-achenbach-paintings-at-sea-in-rough-waters
Andreas Achenbach,Bringing in the Catch,https://www.oilpaintings.com/andreas-achenbach-paintings-bringing-in-the-catch
Andreas Achenbach,Lighthouse at Ostend,https://www.oilpaintings.com/andreas-achenbach-paintings-lighthouse-at-ostend
Andreas Achenbach,At the Pier,https://www.oilpaintings.com/andreas-achenbach-paintings-at-the-pier
Andreas Achenbach,Norwegian Coast by Moonlight,https://www.oilpaintings.com/andreas-achenbach-paintings-norwegian-coast-by-moonlight
Andreas Achenbach,"Banks of the Frozen Sea Winter Landscape
",https://www.oilpaintings.com/andreas-achenbach-paintings-banks-of-the-frozen-sea-winter-landfÞçþ****scape-
Andreas Achenbach,Dutch Landscape with Woman and Cow,https://www.oilpaintings.com/andreas-achenbach-paintings-dutch-landscape-with-woman-and-cow
Andreas Achenbach,Winter on the Dutch Coast,https://www.oilpaintings.com/andreas-achenbach-paintings-winter-on-the-dutch-coast
Andreas Achenbach,Fishing Along the Shore,https://www.oilpaintings.com/andreas-achenbach-paintings-fishing-along-the-shore
Andreas Achenbach,"Sunset on the Sea with Thunderstorm
",https://www.oilpaintings.com/andreas-achenbach-paintings-sunset-on-the-sea-with-thunderstorm
Andreas Achenbach,Autumn Morning in the Pontine Swamps,https://www.oilpaintings.com/andreas-achenbach-paintings-autumn-morning-in-the-pontine-swamps
Andreas Achenbach,Coastal Scene with Fishing Boat,https://www.oilpaintings.com/andreas-achenbach-paintings-coastal-scene-with-fishing-boat
Andreas Achenbach,A Winter Landscape with Hunters on the Ice,https://www.oilpaintings.com/andreas-achenbach-paintings-a-winter-landscape-with-hunters-on-the-ice
Andreas Achenbach,Fisherboats and Steam Vessels at the Pier of Ostende,https://www.oilpaintings.com/andreas-achenbach-paintings-fisherboats-and-steam-vessels-at-the-pier-of-ostende
Andreas Achenbach,Harbor Scene,https://www.oilpaintings.com/andreas-achenbach-paintings-harbor-scene
Andreas Achenbach,Mill Beside a Stream,https://www.oilpaintings.com/andreas-achenbach-paintings-mill-beside-a-stream
Andreas Achenbach,"Course of a River in Hesse, Before the Tempest",https://www.oilpaintings.com/andreas-achenbach-paintings-course-of-a-river-in-hesse-before-the-tempest
Andreas Achenbach,Harbor Entrance In Rough Sea,https://www.oilpaintings.com/andreas-achenbach-paintings-harbor-entrance-in-rough-sea
Andreas Achenbach,In Rough Waters,https://www.oilpaintings.com/andreas-achenbach-paintings-in-rough-waters
Andreas Achenbach,Fishermen Returning,https://www.oilpaintings.com/andreas-achenbach-paintings-fishermen-returning
Andreas Achenbach,The Watermill in the Village,https://www.fÞçþ****oilpaintings.com/andreas-achenbach-paintings-the-watermill-in-the-village
Andreas Achenbach,Gudvangen,https://www.oilpaintings.com/andreas-achenbach-paintings-gudvangen
Andreas Achenbach,The Watermill,https://www.oilpaintings.com/andreas-achenbach-paintings-the-watermill
Andreas Achenbach,Landscape with a Stream,https://www.oilpaintings.com/andreas-achenbach-paintings-landscape-with-a-stream
Andreas Achenbach,Rowing Boat in a Harbor,https://www.oilpaintings.com/andreas-achenbach-paintings-rowing-boat-in-a-harbor
Andreas Achenbach,Landscape in the Norwegian Mountains,https://www.oilpaintings.com/andreas-achenbach-paintings-landscape-in-the-norwegian-mountains
Andreas Achenbach,Westphalian Mill,https://www.oilpaintings.com/andreas-achenbach-paintings-westphalian-mill
Andreas Achenbach,Italian Cloister Garden,https://www.oilpaintings.com/andreas-achenbach-paintings-italian-cloister-garden
Andreas Achenbach,Landscape with Rune Stone,https://www.oilpaintings.com/andreas-achenbach-paintings-landscape-with-rune-stone
Andreas Achenbach,Westphalian Watermill,https://www.oilpaintings.com/andreas-achenbach-paintings-westphalian-watermill
Andreas Achenbach,Landscape with a River,https://www.oilpaintings.com/andreas-achenbach-paintings-landscape-with-a-river
Andreas Achenbach,Logging Camp,https://www.oilpaintings.com/andreas-achenbach-paintings-logging-camp
Andreas Achenbach,Rough Seas at the Dutch Coast,https://www.oilpaintings.com/andreas-achenbach-paintings-rough-seas-at-the-dutch-coast
Andreas Achenbach,Storm at Dutch Coast,https://www.oilpaintings.com/andreas-achenbach-paintings-storm-at-dutch-coast
Andreas Achenbach,Pulling in a Boat,https://www.oilpaintings.com/andreas-achenbach-paintings-pulling-in-a-boat
Andreas Achenbach,Ship in the Surf Before a Rocky Coast,https://www.oilpaintings.com/andreas-achenbach-paintings-ship-in-the-surf-before-a-rocky-coast
Andreas Achenbach,Inshore Fishermen in Rough Sea,https://www.oilpaintings.com/andreas-achenbach-paintinfÞçþ****gs-inshore-fishermen-in-rough-sea
Andreas Achenbach,Shrimp Fishermen on the Beach,https://www.oilpaintings.com/andreas-achenbach-paintings-shrimp-fishermen-on-the-beach
Andreas Achenbach,On the Dutch Coast,https://www.oilpaintings.com/andreas-achenbach-paintings-on-the-dutch-coast
Andreas Achenbach,The Corso in Rome,https://www.oilpaintings.com/andreas-achenbach-paintings-the-corso-in-rome
Andreas Achenbach,Storm On The Coast,https://www.oilpaintings.com/andreas-achenbach-paintings-storm-on-the-coast
Andreas Achenbach,Landing of Fishing Boats,https://www.oilpaintings.com/andreas-achenbach-paintings-landing-of-fishing-boats
Andreas Achenbach,Storm on the Dutch Coast,https://www.oilpaintings.com/andreas-achenbach-paintings-storm-on-the-dutch-coast
Andreas Achenbach,Sunset after a Storm on the Coast of Sicily,https://www.oilpaintings.com/andreas-achenbach-paintings-sunset-after-a-storm-on-the-coast-of-sicily
Andreas Achenbach,The Hardanger Fjord,https://www.oilpaintings.com/andreas-achenbach-paintings-the-hardanger-fjord
Andreas Achenbach,Westfalian Mill near Capenberg,https://www.oilpaintings.com/andreas-achenbach-paintings-westfalian-mill-near-capenberg
Andreas Achenbach,The Great Academy in Dusseldorf,https://www.oilpaintings.com/andreas-achenbach-paintings-the-great-academy-in-dusseldorf
Oswald Achenbach,A Mountainous Landscape,https://www.oilpaintings.com/oswald-achenbach-paintings-a-mountainous-landscape
Oswald Achenbach,Fishermen with the Bay of Naples and Vesuvius Beyond,https://www.oilpaintings.com/oswald-achenbach-paintings-fishermen-with-the-bay-of-naples-and-vesuvius-beyond
Oswald Achenbach,Fishermen on the Amalfi coast,https://www.oilpaintings.com/oswald-achenbach-paintings-fishermen-on-the-amalfi-coast
Oswald Achenbach,The Bay of Naples,https://www.oilpaintings.com/oswald-achenbach-paintings-the-bay-of-naples
Oswald Achenbach,Sunset on the Shore,https://www.oilpaintings.com/oswald-achenbach-paintings-sunset-on-the-shore
Johan Axel Gustaf AfÞçþ****cke,"Interior, Villa Akleja",https://www.oilpaintings.com/johan-axel-gustaf-acke-paintings-interior-villa-akleja
Albrecht Adam,"Alexander, Duke of Wurttemberg",https://www.oilpaintings.com/albrecht-adam-paintings-alexander-duke-of-wurttemberg
Albrecht Adam,Battle of Moscow 7 September 1812,https://www.oilpaintings.com/albrecht-adam-paintings-battle-of-moscow-7-september-1812
Albrecht Adam,King William I of Wurttemberg on Horseback,https://www.oilpaintings.com/albrecht-adam-paintings-king-william-i-of-wurttemberg-on-horseback
Albrecht Adam,Austrian Staff Officers Watching The Progress Of Battle,https://www.oilpaintings.com/albrecht-adam-paintings-austrian-staff-officers-watching-the-progress-of-battle-64575
Edouard Adam,A Three Master at Sea,https://www.oilpaintings.com/edouard-adam-paintings-a-three-master-at-sea
Julius Adam,A Tail of Pride and Envy,https://www.oilpaintings.com/julius-adam-paintings-a-tail-of-pride-and-envy
Julius Adam,Tug of War,https://www.oilpaintings.com/julius-adam-paintings-tug-of-war
Julius Adam,A Visitor to the Shelter,https://www.oilpaintings.com/julius-adam-paintings-a-visitor-to-the-shelter
Julius Adam,The Kittens' Supper,https://www.oilpaintings.com/julius-adam-paintings-the-kittens-supper
Julius Adam,The Playful Kittens,https://www.oilpaintings.com/julius-adam-paintings-the-playful-kittens
Julius Adam,Playful Kittens in a Basket,https://www.oilpaintings.com/julius-adam-paintings-playful-kittens-in-a-basket
Julius Adam,The Proud Mother,https://www.oilpaintings.com/julius-adam-paintings-the-proud-mother
Julius Adam,The Hayloft,https://www.oilpaintings.com/julius-adam-paintings-the-hayloft
Julius Adam,Playful Kittens,https://www.oilpaintings.com/julius-adam-paintings-playful-kittens
Julius Adam,One For All,https://www.oilpaintings.com/julius-adam-paintings-one-for-all
Julius Adam,Two Kittens,https://www.oilpaintings.com/julius-adam-paintings-two-kittens
Nicolas-Sebastien Adam,The Martyrdom of Sainte Victoire,https://www.oifÞçþ****lpaintings.com/nicolas-sacbastien-adam-paintings-the-martyrdom-of-sainte-victoire
Patrick William Adam,"The 14th Fairway, North Berwick from the Bent",https://www.oilpaintings.com/patrick-william-adam-paintings-the-14th-fairway-north-berwick-from-the-bent
William Adam,"A Sunny Grove, Pacific Grove",https://www.oilpaintings.com/william-adam-paintings-a-sunny-grove-pacific-grove
Charles Partridge Adams,Looking Across South Park,https://www.oilpaintings.com/charles-partridge-adams-paintings-looking-across-south-park
Charles Partridge Adams,Gathering Storm near the San Juan Mountains,https://www.oilpaintings.com/charles-partridge-adams-paintings-gathering-storm-near-the-san-juan-mountains
Charles Partridge Adams,"Mount Sneffels, San Juan Colorado",https://www.oilpaintings.com/charles-partridge-adams-paintings-mount-sneffels-san-juan-colorado
Charles Partridge Adams,"An Autumn Hillside Sunset, Edge of Middle Park, Colorado",https://www.oilpaintings.com/charles-partridge-adams-paintings-an-autumn-hillside-sunset-edge-of-middle-park-colorado
Charles Partridge Adams,Moraine Park,https://www.oilpaintings.com/charles-partridge-adams-paintings-moraine-park
Charles Partridge Adams,Platte River Sunset,https://www.oilpaintings.com/charles-partridge-adams-paintings-platte-river-sunset
Charles Partridge Adams,"Longs Peak from Estes Park, Colo",https://www.oilpaintings.com/charles-partridge-adams-paintings-longs-peak-from-estes-park-colo
Charles Partridge Adams,Snowy Sunset,https://www.oilpaintings.com/charles-partridge-adams-paintings-snowy-sunset
Charles Partridge Adams,"San Juan Mountains, Colorado",https://www.oilpaintings.com/charles-partridge-adams-paintings-san-juan-mountains-colorado
Charles Partridge Adams,In the Vicinity of Ouray,https://www.oilpaintings.com/charles-partridge-adams-paintings-in-the-vicinity-of-ouray
Charles Partridge Adams,In the Colorado Mountains,https://www.oilpaintings.com/charles-partridge-adams-paintings-in-the-colorado-mountains
CharlefÞçþ****s Partridge Adams,Clearing Storm Over Longs Peak,https://www.oilpaintings.com/charles-partridge-adams-paintings-clearing-storm-over-longs-peak
Charles Partridge Adams,Rabbit Brush,https://www.oilpaintings.com/charles-partridge-adams-paintings-rabbit-brush
Charles Partridge Adams,"Sunrise on the Mountains at the Head of Moraine Park, near Estes Park",https://www.oilpaintings.com/charles-partridge-adams-paintings-sunrise-on-the-mountains-at-the-head-of-moraine-park-near-estes-park
John Ottis Adams,A Misty Morning on the Mississinewa,https://www.oilpaintings.com/john-ottis-adams-paintings-a-misty-morning-on-the-mississinewa
John Ottis Adams,In Poppyland,https://www.oilpaintings.com/john-ottis-adams-paintings-in-poppyland
John Ottis Adams,Autumn on the Whitewater,https://www.oilpaintings.com/john-ottis-adams-paintings-autumn-on-the-whitewater
John Ottis Adams,The Closing of an Autumn Day,https://www.oilpaintings.com/john-ottis-adams-paintings-the-closing-of-an-autumn-day
John Ottis Adams,Flower Border,https://www.oilpaintings.com/john-ottis-adams-paintings-flower-border
John Ottis Adams,Iredescence of a Shallow Stream,https://www.oilpaintings.com/john-ottis-adams-paintings-iredescence-of-a-shallow-stream
John Ottis Adams,The Glimmerglass of the Mississinewa,https://www.oilpaintings.com/john-ottis-adams-paintings-the-glimmerglass-of-the-mississinewa
John Ottis Adams,Across the Valley,https://www.oilpaintings.com/john-ottis-adams-paintings-across-the-valley
John Ottis Adams,Hollyhocks and Poppies,https://www.oilpaintings.com/john-ottis-adams-paintings-hollyhocks-and-poppies
John Ottis Adams,In the Whitewater Valley,https://www.oilpaintings.com/john-ottis-adams-paintings-in-the-whitewater-valley
John Ottis Adams,"Metamora also known as A Quiet Neighborhood, Metamora",https://www.oilpaintings.com/john-ottis-adams-paintings-metamora-also-known-as-a-quiet-neighborhood-metamora
John Ottis Adams,The Grist Mill,https://www.oilpaintings.com/john-ottis-adams-paintingfÞçþ****s-the-grist-mill
John Ottis Adams,Spring Landscape,https://www.oilpaintings.com/john-ottis-adams-paintings-spring-landscape
John Ottis Adams,In Poppy Land,https://www.oilpaintings.com/john-ottis-adams-paintings-in-poppy-land
John Ottis Adams,November Freshet,https://www.oilpaintings.com/john-ottis-adams-paintings-november-freshet
John Ottis Adams,Morning on the Whitewater,https://www.oilpaintings.com/john-ottis-adams-paintings-morning-on-the-whitewater
John Ottis Adams,Still Life,https://www.oilpaintings.com/john-ottis-adams-paintings-still-life

0

com/john-ottis-adams-paintings-a-misty-morning-on-the-mississinewa
John Ottis Adams,In Poppyland,https://www.oilpaintings.com/john-ottis-adams-paintings-in-poppyland
John Ottis Adams,Autumn on the Whitewater,https://www.oilpaintings.com/john-ottis-adams-paintings-autumn-on-the-whitewater
John Ottis Adams,The Closing of an Autumn Day,https://www.oilpaintings.com/john-ottis-adams-paintings-the-closing-of-an-autumn-day
John Ottis Adams,Flower Border,https://www.oilpaintings.com/john-ottis-adams-paintings-flower-border
John Ottis Adams,Iredescence of a Shallow Stream,https://www.oilpaintings.com/john-ottis-adams-paintings-iredescence-of-a-shallow-stream
John Ottis Adams,The Glimmerglass of the Mississinewa,https://www.oilpaintings.com/john-ottis-adams-paintings-the-glimmerglass-of-the-mississinewa
John Ottis Adams,Across the Valley,https://www.oilpaintings.com/john-ottis-adams-paintings-across-the-valley
John Ottis Adams,Hollyhocks and Poppies,https://www.oilpaintings.com/john-ottis-adams-paintings-hollyhocks-and-poppies
John Ottis Adams,In the Whitewater Valley,https://www.oilpaintings.com/john-ottis-adams-paintings-in-the-whitewater-valley
John Ottis Adams,"Metamora also known as A Quiet Neighborhood, Metamora",https://www.oilpaintings.com**** a Vapor,https://www.oilpaintings.com/juan-martinez-abades-paintings-barco-a-vapor
Juan Martinez Abades,Acantilado,https://www.oilpaintings.com/juan-martinez-abades-paintings-acantilado
Juan Martinez Abades,Carboneros,https://www.oilpaintings.com/juan-martinez-abades-paintings-carboneros
Juan Martinez Abades,Cauce de Rio,https://www.oilpaintings.com/juan-martinez-abades-paintings-cauce-de-rio
Juan Martinez Abades,Naufragio,https://www.oilpaintings.com/juan-martinez-abades-paintings-naufragio
Juan Martinez Abades,Puerto de Santander,https://www.oilpaintings.com/juan-martinez-abades-paintings-puerto-de-santander
Juan Martinez Abades,Pescadora,https://www.oilpaintings.com/juan-martinez-abades-paintings-pescadora
Masseot Abaquesne,Ceramic Floor,https://www.oilpaintings.com/massacot-abaquesne-paintings-ceramic-floor
Masseot Abaquesne,The Flood,https://www.oilpaintings.com/massacot-abaquesne-paintings-the-flood
Niccolo dell Abbate,Orpheus and Eurydice,https://www.oilpaintings.com/niccola-dell-abbate-paintings-orpheus-and-eurydice
Niccolo dell Abbate,Deer Hunt,https://www.oilpaintings.com/niccola-dell-abbate-paintings-deer-hunt
Niccolo dell Abbate,Stag Hunt,https://www.oilpaintings.com/niccola-dell-abbate-paintings-stag-hunt
Niccolo dell Abbate,The Continence of Scipio,https://www.oilpaintings.com/niccola-dell-abbate-paintings-the-continence-of-scipio
Niccolo dell Abbate,The Rape of Proserpine,https://www.oilpaintings.com/niccola-dell-abbate-paintings-the-rape-of-proserpine
Louise Abbema,A Game of Croquet,https://www.oilpaintings.com/louise-abbema-paintings-a-game-of-croquet
Louise Abbema,Allegory of Spring,https://www.oilpaintings.com/louise-abbema-paintings-allegory-of-spring
Louise Abbema,An Afternoon Song,https://www.oilpaintings.com/louise-abbema-paintings-an-afternoon-song
Louise Abbema,At the Piano,https://www.oilpaintings.com/louise-abbema-paintings-at-the-piano
Louise Abbema,Where Angels Play,https://www.oilpaintings.com/louise-abbema-paintings-w¦ëíþ****here-angels-play
Louise Abbema,"April Morning, Place de la Concorde, Paris",https://www.oilpaintings.com/louise-abbema-paintings-april-morning-place-de-la-concorde-paris
Louise Abbema,Lady with Flowers,https://www.oilpaintings.com/louise-abbema-paintings-lady-with-flowers
Edwin Austin Abbey,A Lute Player,https://www.oilpaintings.com/edwin-austin-abbey-paintings-a-lute-player
Edwin Austin Abbey,"The Penance of Eleanor, Duchess of Glouster",https://www.oilpaintings.com/edwin-austin-abbey-paintings-the-penance-of-eleanor-duchess-of-glouster
Edwin Austin Abbey,Young Woman in the Woods,https://www.oilpaintings.com/edwin-austin-abbey-paintings-young-woman-in-the-woods
Edwin Austin Abbey,Hamlet Play Scene,https://www.oilpaintings.com/edwin-austin-abbey-paintings-hamlet-play-scene
Edwin Austin Abbey,Near Easthampson,https://www.oilpaintings.com/edwin-austin-abbey-paintings-near-easthampson
Edwin Austin Abbey,The Queen in Hamlet,https://www.oilpaintings.com/edwin-austin-abbey-paintings-the-queen-in-hamlet
Edwin Austin Abbey,Potpourri,https://www.oilpaintings.com/edwin-austin-abbey-paintings-potpourri
Edwin Austin Abbey,Harvest Home,https://www.oilpaintings.com/edwin-austin-abbey-paintings-harvest-home
Edwin Austin Abbey,Seated Woman Wearing Elizabethan Headdress,https://www.oilpaintings.com/edwin-austin-abbey-paintings-seated-woman-wearing-elizabethan-headdress
Lemuel Francis Abbott,"Rear-Admiral Sir Horatio Nelson, 1758-1805",https://www.oilpaintings.com/lemuel-francis-abbott-paintings-rear-admiral-sir-horatio-nelson-1758-1805
Lemuel Francis Abbott,"Admiral Alexander Hood, 1727-1814, 1st Viscount Bridport",https://www.oilpaintings.com/lemuel-francis-abbott-paintings-admiral-alexander-hood-1727-1814-1st-viscount-bridport
Lemuel Francis Abbott,"Admiral Robert Roddam, 1719-1808",https://www.oilpaintings.com/lemuel-francis-abbott-paintings-admiral-robert-roddam-1719-1808
Lemuel Francis Abbott,Captain Robert Calder,https://www.oilpaintings.com/lemuel-francis-abbot¦ëíþ****t-paintings-captain-robert-calder
Lemuel Francis Abbott,"Admiral Alexander Hood, 1727-1814, 1st Viscount Bridport Sketch",https://www.oilpaintings.com/lemuel-francis-abbott-paintings-admiral-alexander-hood-1727-1814-1st-viscount-bridport-sketch
Lemuel Francis Abbott,"Captain John Cooke, 1763-1805",https://www.oilpaintings.com/lemuel-francis-abbott-paintings-captain-john-cooke-1763-1805
Lemuel Francis Abbott,Captain William Locker,https://www.oilpaintings.com/lemuel-francis-abbott-paintings-captain-william-locker
Lemuel Francis Abbott,Henry Laurens,https://www.oilpaintings.com/lemuel-francis-abbott-paintings-henry-laurens
Lemuel Francis Abbott,"Sir Peter Parker Bt, 1721-1811, Admiral of the Fleet",https://www.oilpaintings.com/lemuel-francis-abbott-paintings-sir-peter-parker-bt-1721-1811-admiral-of-the-fleet
Lemuel Francis Abbott,"Rear-Admiral Sir Robert Calder, 1745-1815",https://www.oilpaintings.com/lemuel-francis-abbott-paintings-rear-admiral-sir-robert-calder-1745-1815
Lemuel Francis Abbott,"Rear-Admiral Sir Thomas Pasley, 1734-1808",https://www.oilpaintings.com/lemuel-francis-abbott-paintings-rear-admiral-sir-thomas-pasley-1734-1808
Lemuel Francis Abbott,"Vice-Admiral Sir Andrew Mitchell, 1757-1806",https://www.oilpaintings.com/lemuel-francis-abbott-paintings-vice-admiral-sir-andrew-mitchell-1757-1806
Lemuel Francis Abbott,Portrait Of John Wilkinson 1728-1808; The Staffordshire Iron Master,https://www.oilpaintings.com/lemuel-francis-abbott-paintings-portrait-of-john-wilkinson-1728-1808-the-staffordshire-iron-master
Louis Abel-Truchet,Gaumont Palace,https://www.oilpaintings.com/louise-abel-truchet-paintings-gaumont-palace
Louis Abel-Truchet,The Cafe-Concert,https://www.oilpaintings.com/louise-abel-truchet-paintings-the-cafe-concert
Louis Abel-Truchet,"La Festa Del Redentore, Venice",https://www.oilpaintings.com/louise-abel-truchet-paintings-la-festa-del-redentore-venice
Louis Abel-Truchet,"La Fte Forain, Place Pigalle",https://www.oilpaintings.com/lou¦ëíþ****ise-abel-truchet-paintings-la-fte-forain-place-pigalle
Jacobus Theodorus Abels,Travellers Before a Forest Lodge,https://www.oilpaintings.com/jacobus-theodorus-abels-paintings-travellers-before-a-forest-lodge
Nicolai Abildgaard,Adam and Eve,https://www.oilpaintings.com/nicolai-abildgaard-paintings-adam-and-eve
Nicolai Abildgaard,Culmin's Ghost Appears to his Mother,https://www.oilpaintings.com/nicolai-abildgaard-paintings-culmins-ghost-appears-to-his-mother
Lucien Abrams,Breakfast in Provence,https://www.oilpaintings.com/lucien-abrams-paintings-breakfast-in-provence
Lucien Abrams,"Mission de la Concepcion, San Antonio, Texas",https://www.oilpaintings.com/lucien-abrams-paintings-mission-de-la-concepcion-san-antonio-texas
Lucien Abrams,French Village,https://www.oilpaintings.com/lucien-abrams-paintings-french-village
Lucien Abrams,Irises,https://www.oilpaintings.com/lucien-abrams-paintings-irises
Lucien Abrams,Still Life with Bananas,https://www.oilpaintings.com/lucien-abrams-paintings-still-life-with-bananas
Lucien Abrams,City Waterfront,https://www.oilpaintings.com/lucien-abrams-paintings-city-waterfront
Lucien Abrams,Trees in Autumn,https://www.oilpaintings.com/lucien-abrams-paintings-trees-in-autumn
Lucien Abrams,Fruit and Feather Flowers,https://www.oilpaintings.com/lucien-abrams-paintings-fruit-and-feather-flowers
Lucien Abrams,"Landscape with Trees, Pond and White House",https://www.oilpaintings.com/lucien-abrams-paintings-landscape-with-trees-pond-and-white-house
Lucien Abrams,Young Woman Reading in Bed,https://www.oilpaintings.com/lucien-abrams-paintings-young-woman-reading-in-bed
Lucien Abrams,French Landscape with Olive Trees,https://www.oilpaintings.com/lucien-abrams-paintings-french-landscape-with-olive-trees
Lucien Abrams,Garden on the Ledge,https://www.oilpaintings.com/lucien-abrams-paintings-garden-on-the-ledge
Lucien Abrams,Mrs. Abrams in Paris,https://www.oilpaintings.com/lucien-abrams-paintings-mrs-abrams-in-paris
Lucien Abrams,In Pa¦ëíþ****rc Borely,https://www.oilpaintings.com/lucien-abrams-paintings-in-parc-borely
Lucien Abrams,Stucco Street Corner,https://www.oilpaintings.com/lucien-abrams-paintings-stucco-street-corner
Lucien Abrams,"In Forest, Oak Cliff",https://www.oilpaintings.com/lucien-abrams-paintings-in-forest-oak-cliff
Salvador Abril y Blasco,Barca Varada,https://www.oilpaintings.com/salvador-abril-y-blasco-paintings-barca-varada
Salvador Abril y Blasco,Das Schiff Capeando In Schwerer See,https://www.oilpaintings.com/salvador-abril-y-blasco-paintings-das-schiff-capeando-in-schwerer-see
Salvador Abril y Blasco,Puerto,https://www.oilpaintings.com/salvador-abril-y-blasco-paintings-puerto
John Absolon,The Haymakers,https://www.oilpaintings.com/john-absolon-paintings-the-haymakers
John Absolon,"The Transept from the South Gallery, The Great Exhibition of 1851",https://www.oilpaintings.com/john-absolon-paintings-the-transept-from-the-south-gallery-the-great-exhibition-of-1851
John Absolon,Distant Thoughts,https://www.oilpaintings.com/john-absolon-paintings-distant-thoughts
John Absolon,The Emigrant Ship,https://www.oilpaintings.com/john-absolon-paintings-the-emigrant-ship
John Absolon,Reprimanded,https://www.oilpaintings.com/john-absolon-paintings-reprimanded
John Absolon,View of the Greek Slave by Hiram Power,https://www.oilpaintings.com/john-absolon-paintings-view-of-the-greek-slave-by-hiram-power
John Absolon,Part Of The French Court,https://www.oilpaintings.com/john-absolon-paintings-part-of-the-french-court
John Absolon,"Piscatori Island, Lake Maggiore",https://www.oilpaintings.com/john-absolon-paintings-piscatori-island-lake-maggiore
John Absolon,The Reading Lesson,https://www.oilpaintings.com/john-absolon-paintings-the-reading-lesson
Georg Nicolaj Achen,Interior,https://www.oilpaintings.com/georg-nicolaj-achen-paintings-interior
Andreas Achenbach,A Busy Town on the Levantine Coast,https://www.oilpaintings.com/andreas-achenbach-paintings-a-busy-town-on-the-levantine-coast
¦ëíþ****Andreas Achenbach,A Fishingboat On The Beach,https://www.oilpaintings.com/andreas-achenbach-paintings-a-fishingboat-on-the-beach
Andreas Achenbach,A Church Interior,https://www.oilpaintings.com/andreas-achenbach-paintings-a-church-interior
Andreas Achenbach,A Moored Steamer at a Busy Quay,https://www.oilpaintings.com/andreas-achenbach-paintings-a-moored-steamer-at-a-busy-quay
Andreas Achenbach,A Fishing Boat and a Steamer in Rough Seas,https://www.oilpaintings.com/andreas-achenbach-paintings-a-fishing-boat-and-a-steamer-in-rough-seas
Andreas Achenbach,A Fishing Boat Caught In A Squall Off A Jetty,https://www.oilpaintings.com/andreas-achenbach-paintings-a-fishing-boat-caught-in-a-squall-off-a-jetty
Andreas Achenbach,A Hunter and His Dog,https://www.oilpaintings.com/andreas-achenbach-paintings-a-hunter-and-his-dog
Andreas Achenbach,A Tempest off the Norwegian Coast,https://www.oilpaintings.com/andreas-achenbach-paintings-a-tempest-off-the-norwegian-coast
Andreas Achenbach,"Clearing Up, Coast of Sicily",https://www.oilpaintings.com/andreas-achenbach-paintings-clearing-up-coast-of-sicily
Andreas Achenbach,Don Quixote and Sancho Panza,https://www.oilpaintings.com/andreas-achenbach-paintings-don-quixote-and-sancho-panza
Andreas Achenbach,At Sea in Rough Waters,https://www.oilpaintings.com/andreas-achenbach-paintings-at-sea-in-rough-waters
Andreas Achenbach,Bringing in the Catch,https://www.oilpaintings.com/andreas-achenbach-paintings-bringing-in-the-catch
Andreas Achenbach,Lighthouse at Ostend,https://www.oilpaintings.com/andreas-achenbach-paintings-lighthouse-at-ostend
Andreas Achenbach,At the Pier,https://www.oilpaintings.com/andreas-achenbach-paintings-at-the-pier
Andreas Achenbach,Norwegian Coast by Moonlight,https://www.oilpaintings.com/andreas-achenbach-paintings-norwegian-coast-by-moonlight
Andreas Achenbach,"Banks of the Frozen Sea Winter Landscape
",https://www.oilpaintings.com/andreas-achenbach-paintings-banks-of-the-frozen-sea-winter-landscape-
¦ëíþ****Andreas Achenbach,Dutch Landscape with Woman and Cow,https://www.oilpaintings.com/andreas-achenbach-paintings-dutch-landscape-with-woman-and-cow
Andreas Achenbach,Winter on the Dutch Coast,https://www.oilpaintings.com/andreas-achenbach-paintings-winter-on-the-dutch-coast
Andreas Achenbach,Fishing Along the Shore,https://www.oilpaintings.com/andreas-achenbach-paintings-fishing-along-the-shore
Andreas Achenbach,"Sunset on the Sea with Thunderstorm
",https://www.oilpaintings.com/andreas-achenbach-paintings-sunset-on-the-sea-with-thunderstorm
Andreas Achenbach,Autumn Morning in the Pontine Swamps,https://www.oilpaintings.com/andreas-achenbach-paintings-autumn-morning-in-the-pontine-swamps
Andreas Achenbach,Coastal Scene with Fishing Boat,https://www.oilpaintings.com/andreas-achenbach-paintings-coastal-scene-with-fishing-boat
Andreas Achenbach,A Winter Landscape with Hunters on the Ice,https://www.oilpaintings.com/andreas-achenbach-paintings-a-winter-landscape-with-hunters-on-the-ice
Andreas Achenbach,Fisherboats and Steam Vessels at the Pier of Ostende,https://www.oilpaintings.com/andreas-achenbach-paintings-fisherboats-and-steam-vessels-at-the-pier-of-ostende
Andreas Achenbach,Harbor Scene,https://www.oilpaintings.com/andreas-achenbach-paintings-harbor-scene
Andreas Achenbach,Mill Beside a Stream,https://www.oilpaintings.com/andreas-achenbach-paintings-mill-beside-a-stream
Andreas Achenbach,"Course of a River in Hesse, Before the Tempest",https://www.oilpaintings.com/andreas-achenbach-paintings-course-of-a-river-in-hesse-before-the-tempest
Andreas Achenbach,Harbor Entrance In Rough Sea,https://www.oilpaintings.com/andreas-achenbach-paintings-harbor-entrance-in-rough-sea
Andreas Achenbach,In Rough Waters,https://www.oilpaintings.com/andreas-achenbach-paintings-in-rough-waters
Andreas Achenbach,Fishermen Returning,https://www.oilpaintings.com/andreas-achenbach-paintings-fishermen-returning
Andreas Achenbach,The Watermill in the Village,https://www.oilpaint¦ëíþ****ings.com/andreas-achenbach-paintings-the-watermill-in-the-village
Andreas Achenbach,Gudvangen,https://www.oilpaintings.com/andreas-achenbach-paintings-gudvangen
Andreas Achenbach,The Watermill,https://www.oilpaintings.com/andreas-achenbach-paintings-the-watermill
Andreas Achenbach,Landscape with a Stream,https://www.oilpaintings.com/andreas-achenbach-paintings-landscape-with-a-stream
Andreas Achenbach,Rowing Boat in a Harbor,https://www.oilpaintings.com/andreas-achenbach-paintings-rowing-boat-in-a-harbor
Andreas Achenbach,Landscape in the Norwegian Mountains,https://www.oilpaintings.com/andreas-achenbach-paintings-landscape-in-the-norwegian-mountains
Andreas Achenbach,Westphalian Mill,https://www.oilpaintings.com/andreas-achenbach-paintings-westphalian-mill
Andreas Achenbach,Italian Cloister Garden,https://www.oilpaintings.com/andreas-achenbach-paintings-italian-cloister-garden
Andreas Achenbach,Landscape with Rune Stone,https://www.oilpaintings.com/andreas-achenbach-paintings-landscape-with-rune-stone
Andreas Achenbach,Westphalian Watermill,https://www.oilpaintings.com/andreas-achenbach-paintings-westphalian-watermill
Andreas Achenbach,Landscape with a River,https://www.oilpaintings.com/andreas-achenbach-paintings-landscape-with-a-river
Andreas Achenbach,Logging Camp,https://www.oilpaintings.com/andreas-achenbach-paintings-logging-camp
Andreas Achenbach,Rough Seas at the Dutch Coast,https://www.oilpaintings.com/andreas-achenbach-paintings-rough-seas-at-the-dutch-coast
Andreas Achenbach,Storm at Dutch Coast,https://www.oilpaintings.com/andreas-achenbach-paintings-storm-at-dutch-coast
Andreas Achenbach,Pulling in a Boat,https://www.oilpaintings.com/andreas-achenbach-paintings-pulling-in-a-boat
Andreas Achenbach,Ship in the Surf Before a Rocky Coast,https://www.oilpaintings.com/andreas-achenbach-paintings-ship-in-the-surf-before-a-rocky-coast
Andreas Achenbach,Inshore Fishermen in Rough Sea,https://www.oilpaintings.com/andreas-achenbach-paintings-insho¦ëíþ****re-fishermen-in-rough-sea
Andreas Achenbach,Shrimp Fishermen on the Beach,https://www.oilpaintings.com/andreas-achenbach-paintings-shrimp-fishermen-on-the-beach
Andreas Achenbach,On the Dutch Coast,https://www.oilpaintings.com/andreas-achenbach-paintings-on-the-dutch-coast
Andreas Achenbach,The Corso in Rome,https://www.oilpaintings.com/andreas-achenbach-paintings-the-corso-in-rome
Andreas Achenbach,Storm On The Coast,https://www.oilpaintings.com/andreas-achenbach-paintings-storm-on-the-coast
Andreas Achenbach,Landing of Fishing Boats,https://www.oilpaintings.com/andreas-achenbach-paintings-landing-of-fishing-boats
Andreas Achenbach,Storm on the Dutch Coast,https://www.oilpaintings.com/andreas-achenbach-paintings-storm-on-the-dutch-coast
Andreas Achenbach,Sunset after a Storm on the Coast of Sicily,https://www.oilpaintings.com/andreas-achenbach-paintings-sunset-after-a-storm-on-the-coast-of-sicily
Andreas Achenbach,The Hardanger Fjord,https://www.oilpaintings.com/andreas-achenbach-paintings-the-hardanger-fjord
Andreas Achenbach,Westfalian Mill near Capenberg,https://www.oilpaintings.com/andreas-achenbach-paintings-westfalian-mill-near-capenberg
Andreas Achenbach,The Great Academy in Dusseldorf,https://www.oilpaintings.com/andreas-achenbach-paintings-the-great-academy-in-dusseldorf
Oswald Achenbach,A Mountainous Landscape,https://www.oilpaintings.com/oswald-achenbach-paintings-a-mountainous-landscape
Oswald Achenbach,Fishermen with the Bay of Naples and Vesuvius Beyond,https://www.oilpaintings.com/oswald-achenbach-paintings-fishermen-with-the-bay-of-naples-and-vesuvius-beyond
Oswald Achenbach,Fishermen on the Amalfi coast,https://www.oilpaintings.com/oswald-achenbach-paintings-fishermen-on-the-amalfi-coast
Oswald Achenbach,The Bay of Naples,https://www.oilpaintings.com/oswald-achenbach-paintings-the-bay-of-naples
Oswald Achenbach,Sunset on the Shore,https://www.oilpaintings.com/oswald-achenbach-paintings-sunset-on-the-shore
Johan Axel Gustaf Acke,"Int¦ëíþ****erior, Villa Akleja",https://www.oilpaintings.com/johan-axel-gustaf-acke-paintings-interior-villa-akleja
Albrecht Adam,"Alexander, Duke of Wurttemberg",https://www.oilpaintings.com/albrecht-adam-paintings-alexander-duke-of-wurttemberg
Albrecht Adam,Battle of Moscow 7 September 1812,https://www.oilpaintings.com/albrecht-adam-paintings-battle-of-moscow-7-september-1812
Albrecht Adam,King William I of Wurttemberg on Horseback,https://www.oilpaintings.com/albrecht-adam-paintings-king-william-i-of-wurttemberg-on-horseback
Albrecht Adam,Austrian Staff Officers Watching The Progress Of Battle,https://www.oilpaintings.com/albrecht-adam-paintings-austrian-staff-officers-watching-the-progress-of-battle-64575
Edouard Adam,A Three Master at Sea,https://www.oilpaintings.com/edouard-adam-paintings-a-three-master-at-sea
Julius Adam,A Tail of Pride and Envy,https://www.oilpaintings.com/julius-adam-paintings-a-tail-of-pride-and-envy
Julius Adam,Tug of War,https://www.oilpaintings.com/julius-adam-paintings-tug-of-war
Julius Adam,A Visitor to the Shelter,https://www.oilpaintings.com/julius-adam-paintings-a-visitor-to-the-shelter
Julius Adam,The Kittens' Supper,https://www.oilpaintings.com/julius-adam-paintings-the-kittens-supper
Julius Adam,The Playful Kittens,https://www.oilpaintings.com/julius-adam-paintings-the-playful-kittens
Julius Adam,Playful Kittens in a Basket,https://www.oilpaintings.com/julius-adam-paintings-playful-kittens-in-a-basket
Julius Adam,The Proud Mother,https://www.oilpaintings.com/julius-adam-paintings-the-proud-mother
Julius Adam,The Hayloft,https://www.oilpaintings.com/julius-adam-paintings-the-hayloft
Julius Adam,Playful Kittens,https://www.oilpaintings.com/julius-adam-paintings-playful-kittens
Julius Adam,One For All,https://www.oilpaintings.com/julius-adam-paintings-one-for-all
Julius Adam,Two Kittens,https://www.oilpaintings.com/julius-adam-paintings-two-kittens
Nicolas-Sebastien Adam,The Martyrdom of Sainte Victoire,https://www.oilpaintin¦ëíþ****gs.com/nicolas-sacbastien-adam-paintings-the-martyrdom-of-sainte-victoire
Patrick William Adam,"The 14th Fairway, North Berwick from the Bent",https://www.oilpaintings.com/patrick-william-adam-paintings-the-14th-fairway-north-berwick-from-the-bent
William Adam,"A Sunny Grove, Pacific Grove",https://www.oilpaintings.com/william-adam-paintings-a-sunny-grove-pacific-grove
Charles Partridge Adams,Looking Across South Park,https://www.oilpaintings.com/charles-partridge-adams-paintings-looking-across-south-park
Charles Partridge Adams,Gathering Storm near the San Juan Mountains,https://www.oilpaintings.com/charles-partridge-adams-paintings-gathering-storm-near-the-san-juan-mountains
Charles Partridge Adams,"Mount Sneffels, San Juan Colorado",https://www.oilpaintings.com/charles-partridge-adams-paintings-mount-sneffels-san-juan-colorado
Charles Partridge Adams,"An Autumn Hillside Sunset, Edge of Middle Park, Colorado",https://www.oilpaintings.com/charles-partridge-adams-paintings-an-autumn-hillside-sunset-edge-of-middle-park-colorado
Charles Partridge Adams,Moraine Park,https://www.oilpaintings.com/charles-partridge-adams-paintings-moraine-park
Charles Partridge Adams,Platte River Sunset,https://www.oilpaintings.com/charles-partridge-adams-paintings-platte-river-sunset
Charles Partridge Adams,"Longs Peak from Estes Park, Colo",https://www.oilpaintings.com/charles-partridge-adams-paintings-longs-peak-from-estes-park-colo
Charles Partridge Adams,Snowy Sunset,https://www.oilpaintings.com/charles-partridge-adams-paintings-snowy-sunset
Charles Partridge Adams,"San Juan Mountains, Colorado",https://www.oilpaintings.com/charles-partridge-adams-paintings-san-juan-mountains-colorado
Charles Partridge Adams,In the Vicinity of Ouray,https://www.oilpaintings.com/charles-partridge-adams-paintings-in-the-vicinity-of-ouray
Charles Partridge Adams,In the Colorado Mountains,https://www.oilpaintings.com/charles-partridge-adams-paintings-in-the-colorado-mountains
Charles Partri¦ëíþ****dge Adams,Clearing Storm Over Longs Peak,https://www.oilpaintings.com/charles-partridge-adams-paintings-clearing-storm-over-longs-peak
Charles Partridge Adams,Rabbit Brush,https://www.oilpaintings.com/charles-partridge-adams-paintings-rabbit-brush
Charles Partridge Adams,"Sunrise on the Mountains at the Head of Moraine Park, near Estes Park",https://www.oilpaintings.com/charles-partridge-adams-paintings-sunrise-on-the-mountains-at-the-head-of-moraine-park-near-estes-park
John Ottis Adams,A Misty Morning on the Mississinewa,https://www.oilpaintings.com/john-ottis-adams-paintings-a-misty-morning-on-the-mississinewa
John Ottis Adams,In Poppyland,https://www.oilpaintings.com/john-ottis-adams-paintings-in-poppyland
John Ottis Adams,Autumn on the Whitewater,https://www.oilpaintings.com/john-ottis-adams-paintings-autumn-on-the-whitewater
John Ottis Adams,The Closing of an Autumn Day,https://www.oilpaintings.com/john-ottis-adams-paintings-the-closing-of-an-autumn-day
John Ottis Adams,Flower Border,https://www.oilpaintings.com/john-ottis-adams-paintings-flower-border
John Ottis Adams,Iredescence of a Shallow Stream,https://www.oilpaintings.com/john-ottis-adams-paintings-iredescence-of-a-shallow-stream
John Ottis Adams,The Glimmerglass of the Mississinewa,https://www.oilpaintings.com/john-ottis-adams-paintings-the-glimmerglass-of-the-mississinewa
John Ottis Adams,Across the Valley,https://www.oilpaintings.com/john-ottis-adams-paintings-across-the-valley
John Ottis Adams,Hollyhocks and Poppies,https://www.oilpaintings.com/john-ottis-adams-paintings-hollyhocks-and-poppies
John Ottis Adams,In the Whitewater Valley,https://www.oilpaintings.com/john-ottis-adams-paintings-in-the-whitewater-valley
John Ottis Adams,"Metamora also known as A Quiet Neighborhood, Metamora",https://www.oilpaintings.com/john-ottis-adams-paintings-metamora-also-known-as-a-quiet-neighborhood-metamora
John Ottis Adams,The Grist Mill,https://www.oilpaintings.com/john-ottis-adams-paintings-the-gr¦ëíþ****ist-mill
John Ottis Adams,Spring Landscape,https://www.oilpaintings.com/john-ottis-adams-paintings-spring-landscape
John Ottis Adams,In Poppy Land,https://www.oilpaintings.com/john-ottis-adams-paintings-in-poppy-land
John Ottis Adams,November Freshet,https://www.oilpaintings.com/john-ottis-adams-paintings-november-freshet
John Ottis Adams,Morning on the Whitewater,https://www.oilpaintings.com/john-ottis-adams-paintings-morning-on-the-whitewater
John Ottis Adams,Still Life,https://www.oilpaintings.com/john-ottis-adams-paintings-still-life

0

com/john-ottis-adams-paintings-a-misty-morning-on-the-mississinewa
John Ottis Adams,In Poppyland,https://www.oilpaintings.com/john-ottis-adams-paintings-in-poppyland
John Ottis Adams,Autumn on the Whitewater,https://www.oilpaintings.com/john-ottis-adams-paintings-autumn-on-the-whitewater
John Ottis Adams,The Closing of an Autumn Day,https://www.oilpaintings.com/john-ottis-adams-paintings-the-closing-of-an-autumn-day
John Ottis Adams,Flower Border,https://www.oilpaintings.com/john-ottis-adams-paintings-flower-border
John Ottis Adams,Iredescence of a Shallow Stream,https://www.oilpaintings.com/john-ottis-adams-paintings-iredescence-of-a-shallow-stream
John Ottis Adams,The Glimmerglass of the Mississinewa,https://www.oilpaintings.com/john-ottis-adams-paintings-the-glimmerglass-of-the-mississinewa
John Ottis Adams,Across the Valley,https://www.oilpaintings.com/john-ottis-adams-paintings-across-the-valley
John Ottis Adams,Hollyhocks and Poppies,https://www.oilpaintings.com/john-ottis-adams-paintings-hollyhocks-and-poppies
John Ottis Adams,In the Whitewater Valley,https://www.oilpaintings.com/john-ottis-adams-paintings-in-the-whitewater-valley
John Ottis Adams,"Metamora also known as A Quiet Neighborhood, Metamora",https://www.oilpaintings.com/john-ot**** a Vapor,https://www.oilpaintings.com/juan-martinez-abades-paintings-barco-a-vapor
Juan Martinez Abades,Acantilado,https://www.oilpaintings.com/juan-martinez-abades-paintings-acantilado
Juan Martinez Abades,Carboneros,https://www.oilpaintings.com/juan-martinez-abades-paintings-carboneros
Juan Martinez Abades,Cauce de Rio,https://www.oilpaintings.com/juan-martinez-abades-paintings-cauce-de-rio
Juan Martinez Abades,Naufragio,https://www.oilpaintings.com/juan-martinez-abades-paintings-naufragio
Juan Martinez Abades,Puerto de Santander,https://www.oilpaintings.com/juan-martinez-abades-paintings-puerto-de-santander
Juan Martinez Abades,Pescadora,https://www.oilpaintings.com/juan-martinez-abades-paintings-pescadora
Masseot Abaquesne,Ceramic Floor,https://www.oilpaintings.com/massacot-abaquesne-paintings-ceramic-floor
Masseot Abaquesne,The Flood,https://www.oilpaintings.com/massacot-abaquesne-paintings-the-flood
Niccolo dell Abbate,Orpheus and Eurydice,https://www.oilpaintings.com/niccola-dell-abbate-paintings-orpheus-and-eurydice
Niccolo dell Abbate,Deer Hunt,https://www.oilpaintings.com/niccola-dell-abbate-paintings-deer-hunt
Niccolo dell Abbate,Stag Hunt,https://www.oilpaintings.com/niccola-dell-abbate-paintings-stag-hunt
Niccolo dell Abbate,The Continence of Scipio,https://www.oilpaintings.com/niccola-dell-abbate-paintings-the-continence-of-scipio
Niccolo dell Abbate,The Rape of Proserpine,https://www.oilpaintings.com/niccola-dell-abbate-paintings-the-rape-of-proserpine
Louise Abbema,A Game of Croquet,https://www.oilpaintings.com/louise-abbema-paintings-a-game-of-croquet
Louise Abbema,Allegory of Spring,https://www.oilpaintings.com/louise-abbema-paintings-allegory-of-spring
Louise Abbema,An Afternoon Song,https://www.oilpaintings.com/louise-abbema-paintings-an-afternoon-song
Louise Abbema,At the Piano,https://www.oilpaintings.com/louise-abbema-paintings-at-the-piano
Louise Abbema,Where Angels Play,https://www.oilpaintings.com/louise-abbema-paintings-w&çþ****here-angels-play
Louise Abbema,"April Morning, Place de la Concorde, Paris",https://www.oilpaintings.com/louise-abbema-paintings-april-morning-place-de-la-concorde-paris
Louise Abbema,Lady with Flowers,https://www.oilpaintings.com/louise-abbema-paintings-lady-with-flowers
Edwin Austin Abbey,A Lute Player,https://www.oilpaintings.com/edwin-austin-abbey-paintings-a-lute-player
Edwin Austin Abbey,"The Penance of Eleanor, Duchess of Glouster",https://www.oilpaintings.com/edwin-austin-abbey-paintings-the-penance-of-eleanor-duchess-of-glouster
Edwin Austin Abbey,Young Woman in the Woods,https://www.oilpaintings.com/edwin-austin-abbey-paintings-young-woman-in-the-woods
Edwin Austin Abbey,Hamlet Play Scene,https://www.oilpaintings.com/edwin-austin-abbey-paintings-hamlet-play-scene
Edwin Austin Abbey,Near Easthampson,https://www.oilpaintings.com/edwin-austin-abbey-paintings-near-easthampson
Edwin Austin Abbey,The Queen in Hamlet,https://www.oilpaintings.com/edwin-austin-abbey-paintings-the-queen-in-hamlet
Edwin Austin Abbey,Potpourri,https://www.oilpaintings.com/edwin-austin-abbey-paintings-potpourri
Edwin Austin Abbey,Harvest Home,https://www.oilpaintings.com/edwin-austin-abbey-paintings-harvest-home
Edwin Austin Abbey,Seated Woman Wearing Elizabethan Headdress,https://www.oilpaintings.com/edwin-austin-abbey-paintings-seated-woman-wearing-elizabethan-headdress
Lemuel Francis Abbott,"Rear-Admiral Sir Horatio Nelson, 1758-1805",https://www.oilpaintings.com/lemuel-francis-abbott-paintings-rear-admiral-sir-horatio-nelson-1758-1805
Lemuel Francis Abbott,"Admiral Alexander Hood, 1727-1814, 1st Viscount Bridport",https://www.oilpaintings.com/lemuel-francis-abbott-paintings-admiral-alexander-hood-1727-1814-1st-viscount-bridport
Lemuel Francis Abbott,"Admiral Robert Roddam, 1719-1808",https://www.oilpaintings.com/lemuel-francis-abbott-paintings-admiral-robert-roddam-1719-1808
Lemuel Francis Abbott,Captain Robert Calder,https://www.oilpaintings.com/lemuel-francis-abbot&çþ****t-paintings-captain-robert-calder
Lemuel Francis Abbott,"Admiral Alexander Hood, 1727-1814, 1st Viscount Bridport Sketch",https://www.oilpaintings.com/lemuel-francis-abbott-paintings-admiral-alexander-hood-1727-1814-1st-viscount-bridport-sketch
Lemuel Francis Abbott,"Captain John Cooke, 1763-1805",https://www.oilpaintings.com/lemuel-francis-abbott-paintings-captain-john-cooke-1763-1805
Lemuel Francis Abbott,Captain William Locker,https://www.oilpaintings.com/lemuel-francis-abbott-paintings-captain-william-locker
Lemuel Francis Abbott,Henry Laurens,https://www.oilpaintings.com/lemuel-francis-abbott-paintings-henry-laurens
Lemuel Francis Abbott,"Sir Peter Parker Bt, 1721-1811, Admiral of the Fleet",https://www.oilpaintings.com/lemuel-francis-abbott-paintings-sir-peter-parker-bt-1721-1811-admiral-of-the-fleet
Lemuel Francis Abbott,"Rear-Admiral Sir Robert Calder, 1745-1815",https://www.oilpaintings.com/lemuel-francis-abbott-paintings-rear-admiral-sir-robert-calder-1745-1815
Lemuel Francis Abbott,"Rear-Admiral Sir Thomas Pasley, 1734-1808",https://www.oilpaintings.com/lemuel-francis-abbott-paintings-rear-admiral-sir-thomas-pasley-1734-1808
Lemuel Francis Abbott,"Vice-Admiral Sir Andrew Mitchell, 1757-1806",https://www.oilpaintings.com/lemuel-francis-abbott-paintings-vice-admiral-sir-andrew-mitchell-1757-1806
Lemuel Francis Abbott,Portrait Of John Wilkinson 1728-1808; The Staffordshire Iron Master,https://www.oilpaintings.com/lemuel-francis-abbott-paintings-portrait-of-john-wilkinson-1728-1808-the-staffordshire-iron-master
Louis Abel-Truchet,Gaumont Palace,https://www.oilpaintings.com/louise-abel-truchet-paintings-gaumont-palace
Louis Abel-Truchet,The Cafe-Concert,https://www.oilpaintings.com/louise-abel-truchet-paintings-the-cafe-concert
Louis Abel-Truchet,"La Festa Del Redentore, Venice",https://www.oilpaintings.com/louise-abel-truchet-paintings-la-festa-del-redentore-venice
Louis Abel-Truchet,"La Fte Forain, Place Pigalle",https://www.oilpaintings.com/lou&çþ****ise-abel-truchet-paintings-la-fte-forain-place-pigalle
Jacobus Theodorus Abels,Travellers Before a Forest Lodge,https://www.oilpaintings.com/jacobus-theodorus-abels-paintings-travellers-before-a-forest-lodge
Nicolai Abildgaard,Adam and Eve,https://www.oilpaintings.com/nicolai-abildgaard-paintings-adam-and-eve
Nicolai Abildgaard,Culmin's Ghost Appears to his Mother,https://www.oilpaintings.com/nicolai-abildgaard-paintings-culmins-ghost-appears-to-his-mother
Lucien Abrams,Breakfast in Provence,https://www.oilpaintings.com/lucien-abrams-paintings-breakfast-in-provence
Lucien Abrams,"Mission de la Concepcion, San Antonio, Texas",https://www.oilpaintings.com/lucien-abrams-paintings-mission-de-la-concepcion-san-antonio-texas
Lucien Abrams,French Village,https://www.oilpaintings.com/lucien-abrams-paintings-french-village
Lucien Abrams,Irises,https://www.oilpaintings.com/lucien-abrams-paintings-irises
Lucien Abrams,Still Life with Bananas,https://www.oilpaintings.com/lucien-abrams-paintings-still-life-with-bananas
Lucien Abrams,City Waterfront,https://www.oilpaintings.com/lucien-abrams-paintings-city-waterfront
Lucien Abrams,Trees in Autumn,https://www.oilpaintings.com/lucien-abrams-paintings-trees-in-autumn
Lucien Abrams,Fruit and Feather Flowers,https://www.oilpaintings.com/lucien-abrams-paintings-fruit-and-feather-flowers
Lucien Abrams,"Landscape with Trees, Pond and White House",https://www.oilpaintings.com/lucien-abrams-paintings-landscape-with-trees-pond-and-white-house
Lucien Abrams,Young Woman Reading in Bed,https://www.oilpaintings.com/lucien-abrams-paintings-young-woman-reading-in-bed
Lucien Abrams,French Landscape with Olive Trees,https://www.oilpaintings.com/lucien-abrams-paintings-french-landscape-with-olive-trees
Lucien Abrams,Garden on the Ledge,https://www.oilpaintings.com/lucien-abrams-paintings-garden-on-the-ledge
Lucien Abrams,Mrs. Abrams in Paris,https://www.oilpaintings.com/lucien-abrams-paintings-mrs-abrams-in-paris
Lucien Abrams,In Pa&çþ****rc Borely,https://www.oilpaintings.com/lucien-abrams-paintings-in-parc-borely
Lucien Abrams,Stucco Street Corner,https://www.oilpaintings.com/lucien-abrams-paintings-stucco-street-corner
Lucien Abrams,"In Forest, Oak Cliff",https://www.oilpaintings.com/lucien-abrams-paintings-in-forest-oak-cliff
Salvador Abril y Blasco,Barca Varada,https://www.oilpaintings.com/salvador-abril-y-blasco-paintings-barca-varada
Salvador Abril y Blasco,Das Schiff Capeando In Schwerer See,https://www.oilpaintings.com/salvador-abril-y-blasco-paintings-das-schiff-capeando-in-schwerer-see
Salvador Abril y Blasco,Puerto,https://www.oilpaintings.com/salvador-abril-y-blasco-paintings-puerto
John Absolon,The Haymakers,https://www.oilpaintings.com/john-absolon-paintings-the-haymakers
John Absolon,"The Transept from the South Gallery, The Great Exhibition of 1851",https://www.oilpaintings.com/john-absolon-paintings-the-transept-from-the-south-gallery-the-great-exhibition-of-1851
John Absolon,Distant Thoughts,https://www.oilpaintings.com/john-absolon-paintings-distant-thoughts
John Absolon,The Emigrant Ship,https://www.oilpaintings.com/john-absolon-paintings-the-emigrant-ship
John Absolon,Reprimanded,https://www.oilpaintings.com/john-absolon-paintings-reprimanded
John Absolon,View of the Greek Slave by Hiram Power,https://www.oilpaintings.com/john-absolon-paintings-view-of-the-greek-slave-by-hiram-power
John Absolon,Part Of The French Court,https://www.oilpaintings.com/john-absolon-paintings-part-of-the-french-court
John Absolon,"Piscatori Island, Lake Maggiore",https://www.oilpaintings.com/john-absolon-paintings-piscatori-island-lake-maggiore
John Absolon,The Reading Lesson,https://www.oilpaintings.com/john-absolon-paintings-the-reading-lesson
Georg Nicolaj Achen,Interior,https://www.oilpaintings.com/georg-nicolaj-achen-paintings-interior
Andreas Achenbach,A Busy Town on the Levantine Coast,https://www.oilpaintings.com/andreas-achenbach-paintings-a-busy-town-on-the-levantine-coast
&çþ****Andreas Achenbach,A Fishingboat On The Beach,https://www.oilpaintings.com/andreas-achenbach-paintings-a-fishingboat-on-the-beach
Andreas Achenbach,A Church Interior,https://www.oilpaintings.com/andreas-achenbach-paintings-a-church-interior
Andreas Achenbach,A Moored Steamer at a Busy Quay,https://www.oilpaintings.com/andreas-achenbach-paintings-a-moored-steamer-at-a-busy-quay
Andreas Achenbach,A Fishing Boat and a Steamer in Rough Seas,https://www.oilpaintings.com/andreas-achenbach-paintings-a-fishing-boat-and-a-steamer-in-rough-seas
Andreas Achenbach,A Fishing Boat Caught In A Squall Off A Jetty,https://www.oilpaintings.com/andreas-achenbach-paintings-a-fishing-boat-caught-in-a-squall-off-a-jetty
Andreas Achenbach,A Hunter and His Dog,https://www.oilpaintings.com/andreas-achenbach-paintings-a-hunter-and-his-dog
Andreas Achenbach,A Tempest off the Norwegian Coast,https://www.oilpaintings.com/andreas-achenbach-paintings-a-tempest-off-the-norwegian-coast
Andreas Achenbach,"Clearing Up, Coast of Sicily",https://www.oilpaintings.com/andreas-achenbach-paintings-clearing-up-coast-of-sicily
Andreas Achenbach,Don Quixote and Sancho Panza,https://www.oilpaintings.com/andreas-achenbach-paintings-don-quixote-and-sancho-panza
Andreas Achenbach,At Sea in Rough Waters,https://www.oilpaintings.com/andreas-achenbach-paintings-at-sea-in-rough-waters
Andreas Achenbach,Bringing in the Catch,https://www.oilpaintings.com/andreas-achenbach-paintings-bringing-in-the-catch
Andreas Achenbach,Lighthouse at Ostend,https://www.oilpaintings.com/andreas-achenbach-paintings-lighthouse-at-ostend
Andreas Achenbach,At the Pier,https://www.oilpaintings.com/andreas-achenbach-paintings-at-the-pier
Andreas Achenbach,Norwegian Coast by Moonlight,https://www.oilpaintings.com/andreas-achenbach-paintings-norwegian-coast-by-moonlight
Andreas Achenbach,"Banks of the Frozen Sea Winter Landscape
",https://www.oilpaintings.com/andreas-achenbach-paintings-banks-of-the-frozen-sea-winter-landscape-
&çþ****Andreas Achenbach,Dutch Landscape with Woman and Cow,https://www.oilpaintings.com/andreas-achenbach-paintings-dutch-landscape-with-woman-and-cow
Andreas Achenbach,Winter on the Dutch Coast,https://www.oilpaintings.com/andreas-achenbach-paintings-winter-on-the-dutch-coast
Andreas Achenbach,Fishing Along the Shore,https://www.oilpaintings.com/andreas-achenbach-paintings-fishing-along-the-shore
Andreas Achenbach,"Sunset on the Sea with Thunderstorm
",https://www.oilpaintings.com/andreas-achenbach-paintings-sunset-on-the-sea-with-thunderstorm
Andreas Achenbach,Autumn Morning in the Pontine Swamps,https://www.oilpaintings.com/andreas-achenbach-paintings-autumn-morning-in-the-pontine-swamps
Andreas Achenbach,Coastal Scene with Fishing Boat,https://www.oilpaintings.com/andreas-achenbach-paintings-coastal-scene-with-fishing-boat
Andreas Achenbach,A Winter Landscape with Hunters on the Ice,https://www.oilpaintings.com/andreas-achenbach-paintings-a-winter-landscape-with-hunters-on-the-ice
Andreas Achenbach,Fisherboats and Steam Vessels at the Pier of Ostende,https://www.oilpaintings.com/andreas-achenbach-paintings-fisherboats-and-steam-vessels-at-the-pier-of-ostende
Andreas Achenbach,Harbor Scene,https://www.oilpaintings.com/andreas-achenbach-paintings-harbor-scene
Andreas Achenbach,Mill Beside a Stream,https://www.oilpaintings.com/andreas-achenbach-paintings-mill-beside-a-stream
Andreas Achenbach,"Course of a River in Hesse, Before the Tempest",https://www.oilpaintings.com/andreas-achenbach-paintings-course-of-a-river-in-hesse-before-the-tempest
Andreas Achenbach,Harbor Entrance In Rough Sea,https://www.oilpaintings.com/andreas-achenbach-paintings-harbor-entrance-in-rough-sea
Andreas Achenbach,In Rough Waters,https://www.oilpaintings.com/andreas-achenbach-paintings-in-rough-waters
Andreas Achenbach,Fishermen Returning,https://www.oilpaintings.com/andreas-achenbach-paintings-fishermen-returning
Andreas Achenbach,The Watermill in the Village,https://www.oilpaint&çþ****ings.com/andreas-achenbach-paintings-the-watermill-in-the-village
Andreas Achenbach,Gudvangen,https://www.oilpaintings.com/andreas-achenbach-paintings-gudvangen
Andreas Achenbach,The Watermill,https://www.oilpaintings.com/andreas-achenbach-paintings-the-watermill
Andreas Achenbach,Landscape with a Stream,https://www.oilpaintings.com/andreas-achenbach-paintings-landscape-with-a-stream
Andreas Achenbach,Rowing Boat in a Harbor,https://www.oilpaintings.com/andreas-achenbach-paintings-rowing-boat-in-a-harbor
Andreas Achenbach,Landscape in the Norwegian Mountains,https://www.oilpaintings.com/andreas-achenbach-paintings-landscape-in-the-norwegian-mountains
Andreas Achenbach,Westphalian Mill,https://www.oilpaintings.com/andreas-achenbach-paintings-westphalian-mill
Andreas Achenbach,Italian Cloister Garden,https://www.oilpaintings.com/andreas-achenbach-paintings-italian-cloister-garden
Andreas Achenbach,Landscape with Rune Stone,https://www.oilpaintings.com/andreas-achenbach-paintings-landscape-with-rune-stone
Andreas Achenbach,Westphalian Watermill,https://www.oilpaintings.com/andreas-achenbach-paintings-westphalian-watermill
Andreas Achenbach,Landscape with a River,https://www.oilpaintings.com/andreas-achenbach-paintings-landscape-with-a-river
Andreas Achenbach,Logging Camp,https://www.oilpaintings.com/andreas-achenbach-paintings-logging-camp
Andreas Achenbach,Rough Seas at the Dutch Coast,https://www.oilpaintings.com/andreas-achenbach-paintings-rough-seas-at-the-dutch-coast
Andreas Achenbach,Storm at Dutch Coast,https://www.oilpaintings.com/andreas-achenbach-paintings-storm-at-dutch-coast
Andreas Achenbach,Pulling in a Boat,https://www.oilpaintings.com/andreas-achenbach-paintings-pulling-in-a-boat
Andreas Achenbach,Ship in the Surf Before a Rocky Coast,https://www.oilpaintings.com/andreas-achenbach-paintings-ship-in-the-surf-before-a-rocky-coast
Andreas Achenbach,Inshore Fishermen in Rough Sea,https://www.oilpaintings.com/andreas-achenbach-paintings-insho&çþ****re-fishermen-in-rough-sea
Andreas Achenbach,Shrimp Fishermen on the Beach,https://www.oilpaintings.com/andreas-achenbach-paintings-shrimp-fishermen-on-the-beach
Andreas Achenbach,On the Dutch Coast,https://www.oilpaintings.com/andreas-achenbach-paintings-on-the-dutch-coast
Andreas Achenbach,The Corso in Rome,https://www.oilpaintings.com/andreas-achenbach-paintings-the-corso-in-rome
Andreas Achenbach,Storm On The Coast,https://www.oilpainti
1fa7
ngs.com/andreas-achenbach-paintings-storm-on-the-coast
Andreas Achenbach,Landing of Fishing Boats,https://www.oilpaintings.com/andreas-achenbach-paintings-landing-of-fishing-boats
Andreas Achenbach,Storm on the Dutch Coast,https://www.oilpaintings.com/andreas-achenbach-paintings-storm-on-the-dutch-coast
Andreas Achenbach,Sunset after a Storm on the Coast of Sicily,https://www.oilpaintings.com/andreas-achenbach-paintings-sunset-after-a-storm-on-the-coast-of-sicily
Andreas Achenbach,The Hardanger Fjord,https://www.oilpaintings.com/andreas-achenbach-paintings-the-hardanger-fjord
Andreas Achenbach,Westfalian Mill near Capenberg,https://www.oilpaintings.com/andreas-achenbach-paintings-westfalian-mill-near-capenberg
Andreas Achenbach,The Great Academy in Dusseldorf,https://www.oilpaintings.com/andreas-achenbach-paintings-the-great-academy-in-dusseldorf
Oswald Achenbach,A Mountainous Landscape,https://www.oilpaintings.com/oswald-achenbach-paintings-a-mountainous-landscape
Oswald Achenbach,Fishermen with the Bay of Naples and Vesuvius Beyond,https://www.oilpaintings.com/oswald-achenbach-paintings-fishermen-with-the-bay-of-naples-and-vesuvius-beyond
Oswald Achenbach,Fishermen on the Amalfi coast,https://www.oilpaintings.com/oswald-achenbach-paintings-fishermen-on-the-amalfi-coast
Oswald Achenbach,The Bay of Naples,https://www.oilpaintings.com/oswald-achenbach-paintings-the-bay-of-naples
Oswald Achenbach,Sunset on the Shore,https://www.oilpaintings.com/oswald-achenbach-paintings-sunset-on-the-shore
Johan Axel Gustaf A&çþ****cke,"Interior, Villa Akleja",https://www.oilpaintings.com/johan-axel-gustaf-acke-paintings-interior-villa-akleja
Albrecht Adam,"Alexander, Duke of Wurttemberg",https://www.oilpaintings.com/albrecht-adam-paintings-alexander-duke-of-wurttemberg
Albrecht Adam,Battle of Moscow 7 September 1812,https://www.oilpaintings.com/albrecht-adam-paintings-battle-of-moscow-7-september-1812
Albrecht Adam,King William I of Wurttemberg on Horseback,https://www.oilpaintings.com/albrecht-adam-paintings-king-william-i-of-wurttemberg-on-horseback
Albrecht Adam,Austrian Staff Officers Watching The Progress Of Battle,https://www.oilpaintings.com/albrecht-adam-paintings-austrian-staff-officers-watching-the-progress-of-battle-64575
Edouard Adam,A Three Master at Sea,https://www.oilpaintings.com/edouard-adam-paintings-a-three-master-at-sea
Julius Adam,A Tail of Pride and Envy,https://www.oilpaintings.com/julius-adam-paintings-a-tail-of-pride-and-envy
Julius Adam,Tug of War,https://www.oilpaintings.com/julius-adam-paintings-tug-of-war
Julius Adam,A Visitor to the Shelter,https://www.oilpaintings.com/julius-adam-paintings-a-visitor-to-the-shelter
Julius Adam,The Kittens' Supper,https://www.oilpaintings.com/julius-adam-paintings-the-kittens-supper
Julius Adam,The Playful Kittens,https://www.oilpaintings.com/julius-adam-paintings-the-playful-kittens
Julius Adam,Playful Kittens in a Basket,https://www.oilpaintings.com/julius-adam-paintings-playful-kittens-in-a-basket
Julius Adam,The Proud Mother,https://www.oilpaintings.com/julius-adam-paintings-the-proud-mother
Julius Adam,The Hayloft,https://www.oilpaintings.com/julius-adam-paintings-the-hayloft
Julius Adam,Playful Kittens,https://www.oilpaintings.com/julius-adam-paintings-playful-kittens
Julius Adam,One For All,https://www.oilpaintings.com/julius-adam-paintings-one-for-all
Julius Adam,Two Kittens,https://www.oilpaintings.com/julius-adam-paintings-two-kittens
Nicolas-Sebastien Adam,The Martyrdom of Sainte Victoire,https://www.oi&çþ****lpaintings.com/nicolas-sacbastien-adam-paintings-the-martyrdom-of-sainte-victoire
Patrick William Adam,"The 14th Fairway, North Berwick from the Bent",https://www.oilpaintings.com/patrick-william-adam-paintings-the-14th-fairway-north-berwick-from-the-bent
William Adam,"A Sunny Grove, Pacific Grove",https://www.oilpaintings.com/william-adam-paintings-a-sunny-grove-pacific-grove
Charles Partridge Adams,Looking Across South Park,https://www.oilpaintings.com/charles-partridge-adams-paintings-looking-across-south-park
Charles Partridge Adams,Gathering Storm near the San Juan Mountains,https://www.oilpaintings.com/charles-partridge-adams-paintings-gathering-storm-near-the-san-juan-mountains
Charles Partridge Adams,"Mount Sneffels, San Juan Colorado",https://www.oilpaintings.com/charles-partridge-adams-paintings-mount-sneffels-san-juan-colorado
Charles Partridge Adams,"An Autumn Hillside Sunset, Edge of Middle Park, Colorado",https://www.oilpaintings.com/charles-partridge-adams-paintings-an-autumn-hillside-sunset-edge-of-middle-park-colorado
Charles Partridge Adams,Moraine Park,https://www.oilpaintings.com/charles-partridge-adams-paintings-moraine-park
Charles Partridge Adams,Platte River Sunset,https://www.oilpaintings.com/charles-partridge-adams-paintings-platte-river-sunset
Charles Partridge Adams,"Longs Peak from Estes Park, Colo",https://www.oilpaintings.com/charles-partridge-adams-paintings-longs-peak-from-estes-park-colo
Charles Partridge Adams,Snowy Sunset,https://www.oilpaintings.com/charles-partridge-adams-paintings-snowy-sunset
Charles Partridge Adams,"San Juan Mountains, Colorado",https://www.oilpaintings.com/charles-partridge-adams-paintings-san-juan-mountains-colorado
Charles Partridge Adams,In the Vicinity of Ouray,https://www.oilpaintings.com/charles-partridge-adams-paintings-in-the-vicinity-of-ouray
Charles Partridge Adams,In the Colorado Mountains,https://www.oilpaintings.com/charles-partridge-adams-paintings-in-the-colorado-mountains
Charle&çþ****s Partridge Adams,Clearing Storm Over Longs Peak,https://www.oilpaintings.com/charles-partridge-adams-paintings-clearing-storm-over-longs-peak
Charles Partridge Adams,Rabbit Brush,https://www.oilpaintings.com/charles-partridge-adams-paintings-rabbit-brush
Charles Partridge Adams,"Sunrise on the Mountains at the Head of Moraine Park, near Estes Park",https://www.oilpaintings.com/charles-partridge-adams-paintings-sunrise-on-the-mountains-at-the-head-of-moraine-park-near-estes-park
John Ottis Adams,A Misty Morning on the Mississinewa,https://www.oilpaintings.com/john-ottis-adams-paintings-a-misty-morning-on-the-mississinewa
John Ottis Adams,In Poppyland,https://www.oilpaintings.com/john-ottis-adams-paintings-in-poppyland
John Ottis Adams,Autumn on the Whitewater,https://www.oilpaintings.com/john-ottis-adams-paintings-autumn-on-the-whitewater
John Ottis Adams,The Closing of an Autumn Day,https://www.oilpaintings.com/john-ottis-adams-paintings-the-closing-of-an-autumn-day
John Ottis Adams,Flower Border,https://www.oilpaintings.com/john-ottis-adams-paintings-flower-border
John Ottis Adams,Iredescence of a Shallow Stream,https://www.oilpaintings.com/john-ottis-adams-paintings-iredescence-of-a-shallow-stream
John Ottis Adams,The Glimmerglass of the Mississinewa,https://www.oilpaintings.com/john-ottis-adams-paintings-the-glimmerglass-of-the-mississinewa
John Ottis Adams,Across the Valley,https://www.oilpaintings.com/john-ottis-adams-paintings-across-the-valley
John Ottis Adams,Hollyhocks and Poppies,https://www.oilpaintings.com/john-ottis-adams-paintings-hollyhocks-and-poppies
John Ottis Adams,In the Whitewater Valley,https://www.oilpaintings.com/john-ottis-adams-paintings-in-the-whitewater-valley
John Ottis Adams,"Metamora also known as A Quiet Neighborhood, Metamora",https://www.oilpaintings.com/john-ottis-adams-paintings-metamora-also-known-as-a-quiet-neighborhood-metamora
John Ottis Adams,The Grist Mill,https://www.oilpaintings.com/john-ottis-adams-painting&çþ****s-the-grist-mill
John Ottis Adams,Spring Landscape,https://www.oilpaintings.com/john-ottis-adams-paintings-spring-landscape
John Ottis Adams,In Poppy Land,https://www.oilpaintings.com/john-ottis-adams-paintings-in-poppy-land
John Ottis Adams,November Freshet,https://www.oilpaintings.com/john-ottis-adams-paintings-november-freshet
John Ottis Adams,Morning on the Whitewater,https://www.oilpaintings.com/john-ottis-adams-paintings-morning-on-the-whitewater
John Ottis Adams,Still Life,https://www.oilpaintings.com/john-ottis-adams-paintings-still-life

0

com/john-ottis-adams-paintings-a-misty-morning-on-the-mississinewa
John Ottis Adams,In Poppyland,https://www.oilpaintings.com/john-ottis-adams-paintings-in-poppyland
John Ottis Adams,Autumn on the Whitewater,https://www.oilpaintings.com/john-ottis-adams-paintings-autumn-on-the-whitewater
John Ottis Adams,The Closing of an Autumn Day,https://www.oilpaintings.com/john-ottis-adams-paintings-the-closing-of-an-autumn-day
John Ottis Adams,Flower Border,https://www.oilpaintings.com/john-ottis-adams-paintings-flower-border
John Ottis Adams,Iredescence of a Shallow Stream,https://www.oilpaintings.com/john-ottis-adams-paintings-iredescence-of-a-shallow-stream
John Ottis Adams,The Glimmerglass of the Mississinewa,https://www.oilpaintings.com/john-ottis-adams-paintings-the-glimmerglass-of-the-mississinewa
John Ottis Adams,Across the Valley,https://www.oilpaintings.com/john-ottis-adams-paintings-across-the-valley
John Ottis Adams,Hollyhocks and Poppies,https://www.oilpaintings.com/john-ottis-adams-paintings-hollyhocks-and-poppies
John Ottis Adams,In the Whitewater Valley,https://www.oilpaintings.com/john-ottis-adams-paintings-in-the-whitewater-valley
John Ottis Adams,"Metamora also known as A Quiet Neighborhood, Metamora",https://www.oilpaintings.com****